{
  "version": "1.0",
  "defaultProvider": "unpkg",
  "libraries": [
    {
      "library": "bootstrap@4.6.0",
      "destination": "wwwroot/lib/bootstrap/"
    },
    {
      "library": "jquery@3.6.0",
      "destination": "wwwroot/lib/jquery/"
    },
    {
      "library": "font-awesome@4.7.0",
      "destination": "wwwroot/lib/font-awesome/"
    },
    {
      "library": "toastr@2.1.4",
      "destination": "wwwroot/lib/toastr/"
    },
    {
      "provider": "cdnjs",
      "library": "boxicons@2.1.4",
      "destination": "wwwroot/lib/boxicons/"
    }
  ]
}